2093196928,33.792014,-84.403168,2017,https://www.zillow.com/homes/for_rent/2093196928_zpid
2093196900,33.792014,-84.403168,2017,https://www.zillow.com/homes/for_rent/2093196900_zpid
2093196904,33.792014,-84.403168,2017,https://www.zillow.com/homes/for_rent/2093196904_zpid
2093196894,33.792014,-84.403168,2017,https://www.zillow.com/homes/for_rent/2093196894_zpid
2093196903,33.792014,-84.403168,2017,https://www.zillow.com/homes/for_rent/2093196903_zpid
2093196943,33.792014,-84.403168,2017,https://www.zillow.com/homes/for_rent/2093196943_zpid
2093196935,33.792014,-84.403168,2017,https://www.zillow.com/homes/for_rent/2093196935_zpid
2093196931,33.792014,-84.403168,2017,https://www.zillow.com/homes/for_rent/2093196931_zpid
2092671823,33.792014,-84.403168,2017,https://www.zillow.com/homes/for_rent/2092671823_zpid
2092699267,33.792014,-84.403168,2017,https://www.zillow.com/homes/for_rent/2092699267_zpid
2092671903,33.792014,-84.403168,2017,https://www.zillow.com/homes/for_rent/2092671903_zpid
2087301706,33.792014,-84.403168,2017,https://www.zillow.com/homes/for_rent/2087301706_zpid
2093196927,33.792014,-84.403168,2017,https://www.zillow.com/homes/for_rent/2093196927_zpid
2092671787,33.792014,-84.403168,2017,https://www.zillow.com/homes/for_rent/2092671787_zpid
2092699293,33.792014,-84.403168,2017,https://www.zillow.com/homes/for_rent/2092699293_zpid
2092613083,33.788692,-84.421822,2009,https://www.zillow.com/homes/for_rent/2092613083_zpid
2092697557,33.788692,-84.421822,2009,https://www.zillow.com/homes/for_rent/2092697557_zpid
2096965317,33.788692,-84.421822,2009,https://www.zillow.com/homes/for_rent/2096965317_zpid
2093939201,33.788692,-84.421822,2009,https://www.zillow.com/homes/for_rent/2093939201_zpid
2087538931,33.788692,-84.421822,2009,https://www.zillow.com/homes/for_rent/2087538931_zpid
2096949667,33.788692,-84.421822,2009,https://www.zillow.com/homes/for_rent/2096949667_zpid
2096923852,33.788692,-84.421822,2009,https://www.zillow.com/homes/for_rent/2096923852_zpid
2096384610,33.788692,-84.421822,2009,https://www.zillow.com/homes/for_rent/2096384610_zpid
2091087298,33.788692,-84.421822,2009,https://www.zillow.com/homes/for_rent/2091087298_zpid
2092066595,33.788692,-84.421822,2009,https://www.zillow.com/homes/for_rent/2092066595_zpid
2092132190,33.788692,-84.421822,2009,https://www.zillow.com/homes/for_rent/2092132190_zpid
2097008571,33.788692,-84.421822,2009,https://www.zillow.com/homes/for_rent/2097008571_zpid
2087805538,33.788692,-84.421822,2009,https://www.zillow.com/homes/for_rent/2087805538_zpid
2087805539,33.788692,-84.421822,2009,https://www.zillow.com/homes/for_rent/2087805539_zpid
2087805540,33.788692,-84.421822,2009,https://www.zillow.com/homes/for_rent/2087805540_zpid
2089607839,33.788692,-84.421822,2009,https://www.zillow.com/homes/for_rent/2089607839_zpid
2090831430,33.788692,-84.421822,2009,https://www.zillow.com/homes/for_rent/2090831430_zpid
2087968720,33.788692,-84.421822,2009,https://www.zillow.com/homes/for_rent/2087968720_zpid
2091087297,33.788692,-84.421822,2009,https://www.zillow.com/homes/for_rent/2091087297_zpid
2092015062,33.788692,-84.421822,2009,https://www.zillow.com/homes/for_rent/2092015062_zpid
2092755922,33.788692,-84.421822,2009,https://www.zillow.com/homes/for_rent/2092755922_zpid
2092755928,33.788692,-84.421822,2009,https://www.zillow.com/homes/for_rent/2092755928_zpid
2093476803,33.788692,-84.421822,2009,https://www.zillow.com/homes/for_rent/2093476803_zpid
2088036961,33.788692,-84.421822,2009,https://www.zillow.com/homes/for_rent/2088036961_zpid
2095175208,33.788692,-84.421822,2009,https://www.zillow.com/homes/for_rent/2095175208_zpid
2087175642,33.777546,-84.408335,2010,https://www.zillow.com/homes/for_rent/2087175642_zpid
2087175648,33.777546,-84.408335,2010,https://www.zillow.com/homes/for_rent/2087175648_zpid
2087121330,33.777546,-84.408335,2010,https://www.zillow.com/homes/for_rent/2087121330_zpid
2087175660,33.777546,-84.408335,2010,https://www.zillow.com/homes/for_rent/2087175660_zpid
2087175659,33.777546,-84.408335,2010,https://www.zillow.com/homes/for_rent/2087175659_zpid
2087175658,33.777546,-84.408335,2010,https://www.zillow.com/homes/for_rent/2087175658_zpid
2087175657,33.777546,-84.408335,2010,https://www.zillow.com/homes/for_rent/2087175657_zpid
2087175656,33.777546,-84.408335,2010,https://www.zillow.com/homes/for_rent/2087175656_zpid
2087175655,33.777546,-84.408335,2010,https://www.zillow.com/homes/for_rent/2087175655_zpid
2087175654,33.777546,-84.408335,2010,https://www.zillow.com/homes/for_rent/2087175654_zpid
2087175653,33.777546,-84.408335,2010,https://www.zillow.com/homes/for_rent/2087175653_zpid
2087175652,33.777546,-84.408335,2010,https://www.zillow.com/homes/for_rent/2087175652_zpid
2087175651,33.777546,-84.408335,2010,https://www.zillow.com/homes/for_rent/2087175651_zpid
2087175649,33.777546,-84.408335,2010,https://www.zillow.com/homes/for_rent/2087175649_zpid
2087175647,33.777546,-84.408335,2010,https://www.zillow.com/homes/for_rent/2087175647_zpid
2087175645,33.777546,-84.408335,2010,https://www.zillow.com/homes/for_rent/2087175645_zpid
2087175644,33.777546,-84.408335,2010,https://www.zillow.com/homes/for_rent/2087175644_zpid
2087175643,33.777546,-84.408335,2010,https://www.zillow.com/homes/for_rent/2087175643_zpid
2087077040,33.777546,-84.408335,2010,https://www.zillow.com/homes/for_rent/2087077040_zpid
2087077039,33.777546,-84.408335,2010,https://www.zillow.com/homes/for_rent/2087077039_zpid
2087058160,33.777546,-84.408335,2010,https://www.zillow.com/homes/for_rent/2087058160_zpid
2114591044,33.777941,-84.40882,,https://www.zillow.com/homes/for_rent/2114591044_zpid
2130303948,33.777546,-84.408335,,https://www.zillow.com/homes/for_rent/2130303948_zpid
2130303949,33.777546,-84.408335,,https://www.zillow.com/homes/for_rent/2130303949_zpid
2130303950,33.777546,-84.408335,,https://www.zillow.com/homes/for_rent/2130303950_zpid
2087398080,33.807874,-84.414485,2017,https://www.zillow.com/homes/for_rent/2087398080_zpid
2087398074,33.807874,-84.414485,2017,https://www.zillow.com/homes/for_rent/2087398074_zpid
2087398070,33.807874,-84.414485,2017,https://www.zillow.com/homes/for_rent/2087398070_zpid
2087062647,33.807874,-84.414485,2017,https://www.zillow.com/homes/for_rent/2087062647_zpid
2087118392,33.807874,-84.414485,2017,https://www.zillow.com/homes/for_rent/2087118392_zpid
2087277906,33.807874,-84.414485,2017,https://www.zillow.com/homes/for_rent/2087277906_zpid
2087315301,33.807874,-84.414485,2017,https://www.zillow.com/homes/for_rent/2087315301_zpid
2087340249,33.807874,-84.414485,2017,https://www.zillow.com/homes/for_rent/2087340249_zpid
2087398095,33.807874,-84.414485,2017,https://www.zillow.com/homes/for_rent/2087398095_zpid
2087398094,33.807874,-84.414485,2017,https://www.zillow.com/homes/for_rent/2087398094_zpid
2087398093,33.807874,-84.414485,2017,https://www.zillow.com/homes/for_rent/2087398093_zpid
2087398092,33.807874,-84.414485,2017,https://www.zillow.com/homes/for_rent/2087398092_zpid
2087398091,33.807874,-84.414485,2017,https://www.zillow.com/homes/for_rent/2087398091_zpid
2087398090,33.807874,-84.414485,2017,https://www.zillow.com/homes/for_rent/2087398090_zpid
2087398089,33.807874,-84.414485,2017,https://www.zillow.com/homes/for_rent/2087398089_zpid
2087090808,33.807874,-84.414485,2017,https://www.zillow.com/homes/for_rent/2087090808_zpid
2087398088,33.807874,-84.414485,2017,https://www.zillow.com/homes/for_rent/2087398088_zpid
2087398086,33.807874,-84.414485,2017,https://www.zillow.com/homes/for_rent/2087398086_zpid
2087398085,33.807874,-84.414485,2017,https://www.zillow.com/homes/for_rent/2087398085_zpid
2087398083,33.807874,-84.414485,2017,https://www.zillow.com/homes/for_rent/2087398083_zpid
2087398082,33.807874,-84.414485,2017,https://www.zillow.com/homes/for_rent/2087398082_zpid
2087398081,33.807874,-84.414485,2017,https://www.zillow.com/homes/for_rent/2087398081_zpid
2087398079,33.807874,-84.414485,2017,https://www.zillow.com/homes/for_rent/2087398079_zpid
2087099220,33.807874,-84.414485,2017,https://www.zillow.com/homes/for_rent/2087099220_zpid
2087398077,33.807874,-84.414485,2017,https://www.zillow.com/homes/for_rent/2087398077_zpid
2096791254,33.793178,-84.404836,2015,https://www.zillow.com/homes/for_rent/2096791254_zpid
2097689726,33.793178,-84.404836,2015,https://www.zillow.com/homes/for_rent/2097689726_zpid
2093284623,33.793178,-84.404836,2015,https://www.zillow.com/homes/for_rent/2093284623_zpid
2091904403,33.793178,-84.404836,2015,https://www.zillow.com/homes/for_rent/2091904403_zpid
2097689742,33.793178,-84.404836,2015,https://www.zillow.com/homes/for_rent/2097689742_zpid
2097689731,33.793178,-84.404836,2015,https://www.zillow.com/homes/for_rent/2097689731_zpid
2087811500,33.793178,-84.404836,2015,https://www.zillow.com/homes/for_rent/2087811500_zpid
2087991811,33.793178,-84.404836,2015,https://www.zillow.com/homes/for_rent/2087991811_zpid
2088032639,33.793178,-84.404836,2015,https://www.zillow.com/homes/for_rent/2088032639_zpid
2088147669,33.793178,-84.404836,2015,https://www.zillow.com/homes/for_rent/2088147669_zpid
2088404885,33.793178,-84.404836,2015,https://www.zillow.com/homes/for_rent/2088404885_zpid
2088448668,33.793178,-84.404836,2015,https://www.zillow.com/homes/for_rent/2088448668_zpid
2088448669,33.793178,-84.404836,2015,https://www.zillow.com/homes/for_rent/2088448669_zpid
2088535117,33.793178,-84.404836,2015,https://www.zillow.com/homes/for_rent/2088535117_zpid
2088648465,33.793178,-84.404836,2015,https://www.zillow.com/homes/for_rent/2088648465_zpid
2088737438,33.793178,-84.404836,2015,https://www.zillow.com/homes/for_rent/2088737438_zpid
2088797011,33.793178,-84.404836,2015,https://www.zillow.com/homes/for_rent/2088797011_zpid
2088797012,33.793178,-84.404836,2015,https://www.zillow.com/homes/for_rent/2088797012_zpid
2088797013,33.793178,-84.404836,2015,https://www.zillow.com/homes/for_rent/2088797013_zpid
2089196644,33.793178,-84.404836,2015,https://www.zillow.com/homes/for_rent/2089196644_zpid
2089276936,33.793178,-84.404836,2015,https://www.zillow.com/homes/for_rent/2089276936_zpid
2089504811,33.793178,-84.404836,2015,https://www.zillow.com/homes/for_rent/2089504811_zpid
2089620868,33.793178,-84.404836,2015,https://www.zillow.com/homes/for_rent/2089620868_zpid
2089653570,33.793178,-84.404836,2015,https://www.zillow.com/homes/for_rent/2089653570_zpid
2089713746,33.793178,-84.404836,2015,https://www.zillow.com/homes/for_rent/2089713746_zpid
2092478890,33.812259,-84.423398,,https://www.zillow.com/homes/for_rent/2092478890_zpid
2099531621,33.812259,-84.423398,,https://www.zillow.com/homes/for_rent/2099531621_zpid
2098283575,33.812259,-84.423398,,https://www.zillow.com/homes/for_rent/2098283575_zpid
2094094789,33.812259,-84.423398,,https://www.zillow.com/homes/for_rent/2094094789_zpid
2093245891,33.812259,-84.423398,,https://www.zillow.com/homes/for_rent/2093245891_zpid
2093218875,33.812259,-84.423398,,https://www.zillow.com/homes/for_rent/2093218875_zpid
2091955355,33.812259,-84.423398,,https://www.zillow.com/homes/for_rent/2091955355_zpid
2088708940,33.812259,-84.423398,,https://www.zillow.com/homes/for_rent/2088708940_zpid
2088217681,33.812259,-84.423398,,https://www.zillow.com/homes/for_rent/2088217681_zpid
2087645439,33.812259,-84.423398,,https://www.zillow.com/homes/for_rent/2087645439_zpid
2087322734,33.812259,-84.423398,,https://www.zillow.com/homes/for_rent/2087322734_zpid
2092741318,33.812259,-84.423398,,https://www.zillow.com/homes/for_rent/2092741318_zpid
2099518313,33.812259,-84.423398,,https://www.zillow.com/homes/for_rent/2099518313_zpid
2098297649,33.812259,-84.423398,,https://www.zillow.com/homes/for_rent/2098297649_zpid
2097637850,33.812259,-84.423398,,https://www.zillow.com/homes/for_rent/2097637850_zpid
2099489267,33.812259,-84.423398,,https://www.zillow.com/homes/for_rent/2099489267_zpid
2087742919,33.812259,-84.423398,,https://www.zillow.com/homes/for_rent/2087742919_zpid
2087858136,33.812259,-84.423398,,https://www.zillow.com/homes/for_rent/2087858136_zpid
2087867664,33.812259,-84.423398,,https://www.zillow.com/homes/for_rent/2087867664_zpid
2088391203,33.812259,-84.423398,,https://www.zillow.com/homes/for_rent/2088391203_zpid
2088585699,33.812259,-84.423398,,https://www.zillow.com/homes/for_rent/2088585699_zpid
2088605663,33.812259,-84.423398,,https://www.zillow.com/homes/for_rent/2088605663_zpid
2088618989,33.812259,-84.423398,,https://www.zillow.com/homes/for_rent/2088618989_zpid
2088689864,33.812259,-84.423398,,https://www.zillow.com/homes/for_rent/2088689864_zpid
2088689865,33.812259,-84.423398,,https://www.zillow.com/homes/for_rent/2088689865_zpid
2094080807,33.781781,-84.407889,2008,https://www.zillow.com/homes/for_rent/2094080807_zpid
2094080808,33.781781,-84.407889,2008,https://www.zillow.com/homes/for_rent/2094080808_zpid
2094080809,33.781781,-84.407889,2008,https://www.zillow.com/homes/for_rent/2094080809_zpid
2093679752,33.781781,-84.407889,2008,https://www.zillow.com/homes/for_rent/2093679752_zpid
2094080816,33.781781,-84.407889,2008,https://www.zillow.com/homes/for_rent/2094080816_zpid
2093819571,33.781781,-84.407889,2008,https://www.zillow.com/homes/for_rent/2093819571_zpid
2093159460,33.781781,-84.407889,2008,https://www.zillow.com/homes/for_rent/2093159460_zpid
2089853569,33.781781,-84.407889,2008,https://www.zillow.com/homes/for_rent/2089853569_zpid
2095419383,33.781781,-84.407889,2008,https://www.zillow.com/homes/for_rent/2095419383_zpid
2093159461,33.781781,-84.407889,2008,https://www.zillow.com/homes/for_rent/2093159461_zpid
2093622939,33.781781,-84.407889,2008,https://www.zillow.com/homes/for_rent/2093622939_zpid
2087185771,33.781781,-84.407889,2008,https://www.zillow.com/homes/for_rent/2087185771_zpid
2089858114,33.781781,-84.407889,2008,https://www.zillow.com/homes/for_rent/2089858114_zpid
2088103246,33.781781,-84.407889,2008,https://www.zillow.com/homes/for_rent/2088103246_zpid
2087629195,33.781781,-84.407889,2008,https://www.zillow.com/homes/for_rent/2087629195_zpid
2097179847,33.781781,-84.407889,2008,https://www.zillow.com/homes/for_rent/2097179847_zpid
2087300194,33.781781,-84.407889,2008,https://www.zillow.com/homes/for_rent/2087300194_zpid
2094185957,33.781781,-84.407889,2008,https://www.zillow.com/homes/for_rent/2094185957_zpid
2087158348,33.781781,-84.407889,2008,https://www.zillow.com/homes/for_rent/2087158348_zpid
2091045174,33.781781,-84.407889,2008,https://www.zillow.com/homes/for_rent/2091045174_zpid
2094124065,33.781781,-84.407889,2008,https://www.zillow.com/homes/for_rent/2094124065_zpid
2093588767,33.781781,-84.407889,2008,https://www.zillow.com/homes/for_rent/2093588767_zpid
2087370869,33.781781,-84.407889,2008,https://www.zillow.com/homes/for_rent/2087370869_zpid
2088802883,33.809042,-84.416242,,https://www.zillow.com/homes/for_rent/2088802883_zpid
2097110039,33.809042,-84.416242,,https://www.zillow.com/homes/for_rent/2097110039_zpid
2096166103,33.809042,-84.416242,,https://www.zillow.com/homes/for_rent/2096166103_zpid
2096174474,33.809042,-84.416242,,https://www.zillow.com/homes/for_rent/2096174474_zpid
2087327845,33.809042,-84.416242,,https://www.zillow.com/homes/for_rent/2087327845_zpid
2095228217,33.809042,-84.416242,,https://www.zillow.com/homes/for_rent/2095228217_zpid
2087299475,33.809042,-84.416242,,https://www.zillow.com/homes/for_rent/2087299475_zpid
2099512634,33.809042,-84.416242,,https://www.zillow.com/homes/for_rent/2099512634_zpid
2088454411,33.809042,-84.416242,,https://www.zillow.com/homes/for_rent/2088454411_zpid
2088802882,33.809042,-84.416242,,https://www.zillow.com/homes/for_rent/2088802882_zpid
2088822303,33.809042,-84.416242,,https://www.zillow.com/homes/for_rent/2088822303_zpid
2089294563,33.809042,-84.416242,,https://www.zillow.com/homes/for_rent/2089294563_zpid
2089361813,33.809042,-84.416242,,https://www.zillow.com/homes/for_rent/2089361813_zpid
2089361814,33.809042,-84.416242,,https://www.zillow.com/homes/for_rent/2089361814_zpid
2089416991,33.809042,-84.416242,,https://www.zillow.com/homes/for_rent/2089416991_zpid
2089443539,33.809042,-84.416242,,https://www.zillow.com/homes/for_rent/2089443539_zpid
2089527722,33.809042,-84.416242,,https://www.zillow.com/homes/for_rent/2089527722_zpid
2089624911,33.809042,-84.416242,,https://www.zillow.com/homes/for_rent/2089624911_zpid
2089624912,33.809042,-84.416242,,https://www.zillow.com/homes/for_rent/2089624912_zpid
2089745294,33.809042,-84.416242,,https://www.zillow.com/homes/for_rent/2089745294_zpid
2089745295,33.809042,-84.416242,,https://www.zillow.com/homes/for_rent/2089745295_zpid
2089745296,33.809042,-84.416242,,https://www.zillow.com/homes/for_rent/2089745296_zpid
2089841443,33.809042,-84.416242,,https://www.zillow.com/homes/for_rent/2089841443_zpid
2089876886,33.809042,-84.416242,,https://www.zillow.com/homes/for_rent/2089876886_zpid
2089876887,33.809042,-84.416242,,https://www.zillow.com/homes/for_rent/2089876887_zpid
2087393392,33.786813,-84.401992,2016,https://www.zillow.com/homes/for_rent/2087393392_zpid
2087393391,33.786813,-84.401992,2016,https://www.zillow.com/homes/for_rent/2087393391_zpid
2087393390,33.786813,-84.401992,2016,https://www.zillow.com/homes/for_rent/2087393390_zpid
2087393389,33.786813,-84.401992,2016,https://www.zillow.com/homes/for_rent/2087393389_zpid
2087393388,33.786813,-84.401992,2016,https://www.zillow.com/homes/for_rent/2087393388_zpid
2087393387,33.786813,-84.401992,2016,https://www.zillow.com/homes/for_rent/2087393387_zpid
2087393386,33.786813,-84.401992,2016,https://www.zillow.com/homes/for_rent/2087393386_zpid
2087393385,33.786813,-84.401992,2016,https://www.zillow.com/homes/for_rent/2087393385_zpid
2087393384,33.786813,-84.401992,2016,https://www.zillow.com/homes/for_rent/2087393384_zpid
2087393383,33.786813,-84.401992,2016,https://www.zillow.com/homes/for_rent/2087393383_zpid
2087393382,33.786813,-84.401992,2016,https://www.zillow.com/homes/for_rent/2087393382_zpid
2087393381,33.786813,-84.401992,2016,https://www.zillow.com/homes/for_rent/2087393381_zpid
2087393380,33.786813,-84.401992,2016,https://www.zillow.com/homes/for_rent/2087393380_zpid
2087393379,33.786813,-84.401992,2016,https://www.zillow.com/homes/for_rent/2087393379_zpid
2087393378,33.786813,-84.401992,2016,https://www.zillow.com/homes/for_rent/2087393378_zpid
2087393377,33.786813,-84.401992,2016,https://www.zillow.com/homes/for_rent/2087393377_zpid
2087393376,33.786813,-84.401992,2016,https://www.zillow.com/homes/for_rent/2087393376_zpid
2087393375,33.786813,-84.401992,2016,https://www.zillow.com/homes/for_rent/2087393375_zpid
2087393374,33.786813,-84.401992,2016,https://www.zillow.com/homes/for_rent/2087393374_zpid
2087162464,33.786813,-84.401992,2016,https://www.zillow.com/homes/for_rent/2087162464_zpid
2087162463,33.786813,-84.401992,2016,https://www.zillow.com/homes/for_rent/2087162463_zpid
2087340286,33.786813,-84.401992,2016,https://www.zillow.com/homes/for_rent/2087340286_zpid
2087340309,33.786813,-84.401992,2016,https://www.zillow.com/homes/for_rent/2087340309_zpid
2087340313,33.786813,-84.401992,2016,https://www.zillow.com/homes/for_rent/2087340313_zpid
2087340303,33.786813,-84.401992,2016,https://www.zillow.com/homes/for_rent/2087340303_zpid
69364226,33.810064,-84.424092,1971,https://www.zillow.com/homes/for_rent/69364226_zpid
69378331,33.810386,-84.425231,1971,https://www.zillow.com/homes/for_rent/69378331_zpid
71755323,33.810064,-84.424092,1971,https://www.zillow.com/homes/for_rent/71755323_zpid
69364486,33.810064,-84.424092,2003,https://www.zillow.com/homes/for_rent/69364486_zpid
69364845,33.810064,-84.424092,1971,https://www.zillow.com/homes/for_rent/69364845_zpid
69364931,33.810064,-84.424092,1971,https://www.zillow.com/homes/for_rent/69364931_zpid
69365074,33.809361,-84.42337,2003,https://www.zillow.com/homes/for_rent/69365074_zpid
69365306,33.810064,-84.424092,1971,https://www.zillow.com/homes/for_rent/69365306_zpid
69365329,33.810064,-84.424092,2004,https://www.zillow.com/homes/for_rent/69365329_zpid
69365638,33.810064,-84.424092,1971,https://www.zillow.com/homes/for_rent/69365638_zpid
69365886,33.810064,-84.424092,1971,https://www.zillow.com/homes/for_rent/69365886_zpid
69366109,33.810064,-84.424092,2002,https://www.zillow.com/homes/for_rent/69366109_zpid
69366191,33.810064,-84.424092,1971,https://www.zillow.com/homes/for_rent/69366191_zpid
69366260,33.810064,-84.424092,1971,https://www.zillow.com/homes/for_rent/69366260_zpid
69366338,33.810064,-84.424092,1971,https://www.zillow.com/homes/for_rent/69366338_zpid
69366715,33.810064,-84.424092,2004,https://www.zillow.com/homes/for_rent/69366715_zpid
69366956,33.810064,-84.424092,1971,https://www.zillow.com/homes/for_rent/69366956_zpid
69366966,33.810064,-84.424092,1971,https://www.zillow.com/homes/for_rent/69366966_zpid
69367109,33.810064,-84.424092,2003,https://www.zillow.com/homes/for_rent/69367109_zpid
69367506,33.810064,-84.424092,1971,https://www.zillow.com/homes/for_rent/69367506_zpid
69367569,33.810064,-84.424092,1971,https://www.zillow.com/homes/for_rent/69367569_zpid
69367592,33.810064,-84.424092,2001,https://www.zillow.com/homes/for_rent/69367592_zpid
69368206,33.810064,-84.424092,2003,https://www.zillow.com/homes/for_rent/69368206_zpid
69368235,33.810064,-84.424092,1971,https://www.zillow.com/homes/for_rent/69368235_zpid
69368597,33.810064,-84.424092,2004,https://www.zillow.com/homes/for_rent/69368597_zpid
35916576,33.781073,-84.424799,1968,https://www.zillow.com/homes/for_rent/35916576_zpid
2091548878,33.776882,-84.408823,,https://www.zillow.com/homes/for_rent/2091548878_zpid
2088062605,33.776882,-84.408823,,https://www.zillow.com/homes/for_rent/2088062605_zpid
2088485405,33.776882,-84.408823,,https://www.zillow.com/homes/for_rent/2088485405_zpid
2096822878,33.776882,-84.408823,,https://www.zillow.com/homes/for_rent/2096822878_zpid
2096601508,33.788692,-84.421822,2009,https://www.zillow.com/homes/for_rent/2096601508_zpid
2088131304,33.788692,-84.421822,2009,https://www.zillow.com/homes/for_rent/2088131304_zpid
2088164423,33.788692,-84.421822,2009,https://www.zillow.com/homes/for_rent/2088164423_zpid
2088168507,33.788692,-84.421822,2009,https://www.zillow.com/homes/for_rent/2088168507_zpid
2088328092,33.788692,-84.421822,2009,https://www.zillow.com/homes/for_rent/2088328092_zpid
2088377163,33.788692,-84.421822,2009,https://www.zillow.com/homes/for_rent/2088377163_zpid
2088435140,33.788692,-84.421822,2009,https://www.zillow.com/homes/for_rent/2088435140_zpid
2088492218,33.788692,-84.421822,2009,https://www.zillow.com/homes/for_rent/2088492218_zpid
2088658473,33.788692,-84.421822,2009,https://www.zillow.com/homes/for_rent/2088658473_zpid
2087398096,33.807874,-84.414485,2017,https://www.zillow.com/homes/for_rent/2087398096_zpid
2087398084,33.807874,-84.414485,2017,https://www.zillow.com/homes/for_rent/2087398084_zpid
2087328154,33.807874,-84.414485,2017,https://www.zillow.com/homes/for_rent/2087328154_zpid
2087398076,33.807874,-84.414485,2017,https://www.zillow.com/homes/for_rent/2087398076_zpid
2087163144,33.786281,-84.411041,2014,https://www.zillow.com/homes/for_rent/2087163144_zpid
2087266002,33.786281,-84.411041,2014,https://www.zillow.com/homes/for_rent/2087266002_zpid
2087250293,33.786281,-84.411041,2014,https://www.zillow.com/homes/for_rent/2087250293_zpid
2087134479,33.786281,-84.411041,2014,https://www.zillow.com/homes/for_rent/2087134479_zpid
2087357107,33.786281,-84.411041,2014,https://www.zillow.com/homes/for_rent/2087357107_zpid
2087357105,33.786281,-84.411041,2014,https://www.zillow.com/homes/for_rent/2087357105_zpid
2087357104,33.786281,-84.411041,2014,https://www.zillow.com/homes/for_rent/2087357104_zpid
2087357103,33.786281,-84.411041,2014,https://www.zillow.com/homes/for_rent/2087357103_zpid
2087357102,33.786281,-84.411041,2014,https://www.zillow.com/homes/for_rent/2087357102_zpid
2087357098,33.786281,-84.411041,2014,https://www.zillow.com/homes/for_rent/2087357098_zpid
2087357096,33.786281,-84.411041,2014,https://www.zillow.com/homes/for_rent/2087357096_zpid
2087357094,33.786281,-84.411041,2014,https://www.zillow.com/homes/for_rent/2087357094_zpid
2087229812,33.786281,-84.411041,2014,https://www.zillow.com/homes/for_rent/2087229812_zpid
2136495363,33.810034,-84.424062,1971,https://www.zillow.com/homes/for_rent/2136495363_zpid
2090599842,33.793178,-84.404836,2015,https://www.zillow.com/homes/for_rent/2090599842_zpid
2087397811,33.793178,-84.404836,2015,https://www.zillow.com/homes/for_rent/2087397811_zpid
2092458267,33.793178,-84.404836,2015,https://www.zillow.com/homes/for_rent/2092458267_zpid
2092076568,33.780596,-84.41639,2007,https://www.zillow.com/homes/for_rent/2092076568_zpid
2087314760,33.780596,-84.41639,2007,https://www.zillow.com/homes/for_rent/2087314760_zpid
2087165228,33.780596,-84.41639,2007,https://www.zillow.com/homes/for_rent/2087165228_zpid
2092152890,33.780596,-84.41639,2007,https://www.zillow.com/homes/for_rent/2092152890_zpid
2087465283,33.780596,-84.41639,2007,https://www.zillow.com/homes/for_rent/2087465283_zpid
2087454366,33.780596,-84.41639,2007,https://www.zillow.com/homes/for_rent/2087454366_zpid
2092076565,33.780596,-84.41639,2007,https://www.zillow.com/homes/for_rent/2092076565_zpid
2092152904,33.780596,-84.41639,2007,https://www.zillow.com/homes/for_rent/2092152904_zpid
2087060143,33.780596,-84.41639,2007,https://www.zillow.com/homes/for_rent/2087060143_zpid
2092037699,33.780596,-84.41639,2007,https://www.zillow.com/homes/for_rent/2092037699_zpid
2091933237,33.780596,-84.41639,2007,https://www.zillow.com/homes/for_rent/2091933237_zpid
2087114309,33.780596,-84.41639,2007,https://www.zillow.com/homes/for_rent/2087114309_zpid
2087082305,33.780596,-84.41639,2007,https://www.zillow.com/homes/for_rent/2087082305_zpid
2087620445,33.780596,-84.41639,2007,https://www.zillow.com/homes/for_rent/2087620445_zpid
2087626388,33.780596,-84.41639,2007,https://www.zillow.com/homes/for_rent/2087626388_zpid
2087701848,33.780596,-84.41639,2007,https://www.zillow.com/homes/for_rent/2087701848_zpid
2087701849,33.780596,-84.41639,2007,https://www.zillow.com/homes/for_rent/2087701849_zpid
2087866990,33.780596,-84.41639,2007,https://www.zillow.com/homes/for_rent/2087866990_zpid
2087946236,33.780596,-84.41639,2007,https://www.zillow.com/homes/for_rent/2087946236_zpid
2087946237,33.780596,-84.41639,2007,https://www.zillow.com/homes/for_rent/2087946237_zpid
2087946238,33.780596,-84.41639,2007,https://www.zillow.com/homes/for_rent/2087946238_zpid
2087946239,33.780596,-84.41639,2007,https://www.zillow.com/homes/for_rent/2087946239_zpid
2092069777,33.780596,-84.41639,2007,https://www.zillow.com/homes/for_rent/2092069777_zpid
2092075850,33.780596,-84.41639,2007,https://www.zillow.com/homes/for_rent/2092075850_zpid
2089882701,33.780596,-84.41639,2007,https://www.zillow.com/homes/for_rent/2089882701_zpid
2093484806,33.803923,-84.424706,2015,https://www.zillow.com/homes/for_rent/2093484806_zpid
2093484804,33.803923,-84.424706,2015,https://www.zillow.com/homes/for_rent/2093484804_zpid
2092876158,33.803923,-84.424706,2015,https://www.zillow.com/homes/for_rent/2092876158_zpid
2092750724,33.803923,-84.424706,2015,https://www.zillow.com/homes/for_rent/2092750724_zpid
2092628677,33.803923,-84.424706,2015,https://www.zillow.com/homes/for_rent/2092628677_zpid
2087555474,33.803923,-84.424706,2015,https://www.zillow.com/homes/for_rent/2087555474_zpid
2091650458,33.803923,-84.424706,2015,https://www.zillow.com/homes/for_rent/2091650458_zpid
2091489725,33.803923,-84.424706,2015,https://www.zillow.com/homes/for_rent/2091489725_zpid
2089131696,33.803923,-84.424706,2015,https://www.zillow.com/homes/for_rent/2089131696_zpid
2089098587,33.803923,-84.424706,2015,https://www.zillow.com/homes/for_rent/2089098587_zpid
2088871599,33.803923,-84.424706,2015,https://www.zillow.com/homes/for_rent/2088871599_zpid
2088077411,33.803923,-84.424706,2015,https://www.zillow.com/homes/for_rent/2088077411_zpid
2087762746,33.803923,-84.424706,2015,https://www.zillow.com/homes/for_rent/2087762746_zpid
2087696560,33.803923,-84.424706,2015,https://www.zillow.com/homes/for_rent/2087696560_zpid
2093484812,33.803923,-84.424706,2015,https://www.zillow.com/homes/for_rent/2093484812_zpid
2093229794,33.803923,-84.424706,2015,https://www.zillow.com/homes/for_rent/2093229794_zpid
2092336647,33.803923,-84.424706,2015,https://www.zillow.com/homes/for_rent/2092336647_zpid
2092763879,33.803923,-84.424706,2015,https://www.zillow.com/homes/for_rent/2092763879_zpid
2087478327,33.803923,-84.424706,2015,https://www.zillow.com/homes/for_rent/2087478327_zpid
2087861763,33.803923,-84.424706,2015,https://www.zillow.com/homes/for_rent/2087861763_zpid
2088066446,33.803923,-84.424706,2015,https://www.zillow.com/homes/for_rent/2088066446_zpid
2088077410,33.803923,-84.424706,2015,https://www.zillow.com/homes/for_rent/2088077410_zpid
2088095347,33.803923,-84.424706,2015,https://www.zillow.com/homes/for_rent/2088095347_zpid
2088102105,33.803923,-84.424706,2015,https://www.zillow.com/homes/for_rent/2088102105_zpid
2087068254,33.803923,-84.424706,2015,https://www.zillow.com/homes/for_rent/2087068254_zpid
2097468362,33.819894,-84.446088,,https://www.zillow.com/homes/for_rent/2097468362_zpid
2093840203,33.819894,-84.446088,,https://www.zillow.com/homes/for_rent/2093840203_zpid
2093431520,33.819894,-84.446088,,https://www.zillow.com/homes/for_rent/2093431520_zpid
2096822778,33.819894,-84.446088,,https://www.zillow.com/homes/for_rent/2096822778_zpid
69347540,33.820654,-84.447537,,https://www.zillow.com/homes/for_rent/69347540_zpid
2097708139,33.819894,-84.446088,,https://www.zillow.com/homes/for_rent/2097708139_zpid
2087644745,33.819894,-84.446088,,https://www.zillow.com/homes/for_rent/2087644745_zpid
2087395940,33.819894,-84.446088,,https://www.zillow.com/homes/for_rent/2087395940_zpid
2087903182,33.819894,-84.446088,,https://www.zillow.com/homes/for_rent/2087903182_zpid
2087963930,33.819894,-84.446088,,https://www.zillow.com/homes/for_rent/2087963930_zpid
2088086320,33.819894,-84.446088,,https://www.zillow.com/homes/for_rent/2088086320_zpid
2088145242,33.819894,-84.446088,,https://www.zillow.com/homes/for_rent/2088145242_zpid
2088206660,33.819894,-84.446088,,https://www.zillow.com/homes/for_rent/2088206660_zpid
2088206663,33.819894,-84.446088,,https://www.zillow.com/homes/for_rent/2088206663_zpid
2088206665,33.819894,-84.446088,,https://www.zillow.com/homes/for_rent/2088206665_zpid
2088370891,33.819894,-84.446088,,https://www.zillow.com/homes/for_rent/2088370891_zpid
2088549077,33.819894,-84.446088,,https://www.zillow.com/homes/for_rent/2088549077_zpid
2088731828,33.819894,-84.446088,,https://www.zillow.com/homes/for_rent/2088731828_zpid
2088890660,33.819894,-84.446088,,https://www.zillow.com/homes/for_rent/2088890660_zpid
2088932612,33.819894,-84.446088,,https://www.zillow.com/homes/for_rent/2088932612_zpid
2088937123,33.819894,-84.446088,,https://www.zillow.com/homes/for_rent/2088937123_zpid
2089024395,33.819894,-84.446088,,https://www.zillow.com/homes/for_rent/2089024395_zpid
2089116867,33.819894,-84.446088,,https://www.zillow.com/homes/for_rent/2089116867_zpid
2089134255,33.819894,-84.446088,,https://www.zillow.com/homes/for_rent/2089134255_zpid
2089185812,33.819894,-84.446088,,https://www.zillow.com/homes/for_rent/2089185812_zpid
2094380091,33.765252,-84.404432,2004,https://www.zillow.com/homes/for_rent/2094380091_zpid
2091355128,33.765252,-84.404432,2004,https://www.zillow.com/homes/for_rent/2091355128_zpid
2093431341,33.765252,-84.404432,2004,https://www.zillow.com/homes/for_rent/2093431341_zpid
2094074613,33.765252,-84.404432,2004,https://www.zillow.com/homes/for_rent/2094074613_zpid
2092357419,33.765252,-84.404432,2004,https://www.zillow.com/homes/for_rent/2092357419_zpid
2089356573,33.765252,-84.404432,2004,https://www.zillow.com/homes/for_rent/2089356573_zpid
2087422041,33.765252,-84.404432,2004,https://www.zillow.com/homes/for_rent/2087422041_zpid
2087143156,33.765252,-84.404432,2004,https://www.zillow.com/homes/for_rent/2087143156_zpid
2093374100,33.765252,-84.404432,2004,https://www.zillow.com/homes/for_rent/2093374100_zpid
2087579735,33.765252,-84.404432,2004,https://www.zillow.com/homes/for_rent/2087579735_zpid
2094651273,33.765252,-84.404432,2004,https://www.zillow.com/homes/for_rent/2094651273_zpid
2087401334,33.765252,-84.404432,2004,https://www.zillow.com/homes/for_rent/2087401334_zpid
2094074619,33.765252,-84.404432,2004,https://www.zillow.com/homes/for_rent/2094074619_zpid
2094074617,33.765252,-84.404432,2004,https://www.zillow.com/homes/for_rent/2094074617_zpid
2093784706,33.765252,-84.404432,2004,https://www.zillow.com/homes/for_rent/2093784706_zpid
2093593426,33.765252,-84.404432,2004,https://www.zillow.com/homes/for_rent/2093593426_zpid
2087310694,33.765252,-84.404432,2004,https://www.zillow.com/homes/for_rent/2087310694_zpid
2092861215,33.765252,-84.404432,2004,https://www.zillow.com/homes/for_rent/2092861215_zpid
2091892532,33.765252,-84.404432,2004,https://www.zillow.com/homes/for_rent/2091892532_zpid
2088484856,33.765252,-84.404432,2004,https://www.zillow.com/homes/for_rent/2088484856_zpid
2093496511,33.765252,-84.404432,2004,https://www.zillow.com/homes/for_rent/2093496511_zpid
2089145626,33.765252,-84.404432,2004,https://www.zillow.com/homes/for_rent/2089145626_zpid
2087675897,33.765252,-84.404432,2004,https://www.zillow.com/homes/for_rent/2087675897_zpid
2092454721,33.765252,-84.404432,2004,https://www.zillow.com/homes/for_rent/2092454721_zpid
2094891757,33.765252,-84.404432,2004,https://www.zillow.com/homes/for_rent/2094891757_zpid
2087418646,33.813075,-84.425691,,https://www.zillow.com/homes/for_rent/2087418646_zpid
2088913231,33.788081,-84.400506,2015,https://www.zillow.com/homes/for_rent/2088913231_zpid
2088457698,33.788081,-84.400506,2015,https://www.zillow.com/homes/for_rent/2088457698_zpid
2094351666,33.788081,-84.400506,2015,https://www.zillow.com/homes/for_rent/2094351666_zpid
2094690883,33.788081,-84.400506,2015,https://www.zillow.com/homes/for_rent/2094690883_zpid
2095958604,33.788081,-84.400506,2015,https://www.zillow.com/homes/for_rent/2095958604_zpid
2095335154,33.788081,-84.400506,2015,https://www.zillow.com/homes/for_rent/2095335154_zpid
2093871202,33.788081,-84.400506,2015,https://www.zillow.com/homes/for_rent/2093871202_zpid
2093156738,33.788081,-84.400506,2015,https://www.zillow.com/homes/for_rent/2093156738_zpid
2090452075,33.788081,-84.400506,2015,https://www.zillow.com/homes/for_rent/2090452075_zpid
2088557495,33.788081,-84.400506,2015,https://www.zillow.com/homes/for_rent/2088557495_zpid
2088150128,33.788081,-84.400506,2015,https://www.zillow.com/homes/for_rent/2088150128_zpid
2087977990,33.788081,-84.400506,2015,https://www.zillow.com/homes/for_rent/2087977990_zpid
2087201334,33.788081,-84.400506,2015,https://www.zillow.com/homes/for_rent/2087201334_zpid
2093655971,33.788081,-84.400506,2015,https://www.zillow.com/homes/for_rent/2093655971_zpid
2097017410,33.788081,-84.400506,2015,https://www.zillow.com/homes/for_rent/2097017410_zpid
2087657683,33.788081,-84.400506,2015,https://www.zillow.com/homes/for_rent/2087657683_zpid
2087959519,33.788081,-84.400506,2015,https://www.zillow.com/homes/for_rent/2087959519_zpid
2096744225,33.788081,-84.400506,2015,https://www.zillow.com/homes/for_rent/2096744225_zpid
2088245692,33.788081,-84.400506,2015,https://www.zillow.com/homes/for_rent/2088245692_zpid
2088531808,33.788081,-84.400506,2015,https://www.zillow.com/homes/for_rent/2088531808_zpid
2088534098,33.788081,-84.400506,2015,https://www.zillow.com/homes/for_rent/2088534098_zpid
2088630884,33.788081,-84.400506,2015,https://www.zillow.com/homes/for_rent/2088630884_zpid
2088640084,33.788081,-84.400506,2015,https://www.zillow.com/homes/for_rent/2088640084_zpid
2088714739,33.788081,-84.400506,2015,https://www.zillow.com/homes/for_rent/2088714739_zpid
2088817824,33.788081,-84.400506,2015,https://www.zillow.com/homes/for_rent/2088817824_zpid
2087382402,33.786813,-84.401992,2016,https://www.zillow.com/homes/for_rent/2087382402_zpid
2087234941,33.786813,-84.401992,2016,https://www.zillow.com/homes/for_rent/2087234941_zpid
2087315256,33.786813,-84.401992,2016,https://www.zillow.com/homes/for_rent/2087315256_zpid
2087393394,33.786813,-84.401992,2016,https://www.zillow.com/homes/for_rent/2087393394_zpid
2087393393,33.786813,-84.401992,2016,https://www.zillow.com/homes/for_rent/2087393393_zpid
2087776121,33.792603,-84.408015,,https://www.zillow.com/homes/for_rent/2087776121_zpid
2088303674,33.792603,-84.408015,,https://www.zillow.com/homes/for_rent/2088303674_zpid
2088759007,33.792603,-84.408015,,https://www.zillow.com/homes/for_rent/2088759007_zpid
2089266347,33.792603,-84.408015,,https://www.zillow.com/homes/for_rent/2089266347_zpid
2089349347,33.792603,-84.408015,,https://www.zillow.com/homes/for_rent/2089349347_zpid
2090252745,33.792603,-84.408015,,https://www.zillow.com/homes/for_rent/2090252745_zpid
2090743120,33.792552,-84.408094,,https://www.zillow.com/homes/for_rent/2090743120_zpid
2090761792,33.792603,-84.408015,,https://www.zillow.com/homes/for_rent/2090761792_zpid
2091126197,33.792603,-84.408015,,https://www.zillow.com/homes/for_rent/2091126197_zpid
2091126198,33.792603,-84.408015,,https://www.zillow.com/homes/for_rent/2091126198_zpid
2091126199,33.792552,-84.408094,,https://www.zillow.com/homes/for_rent/2091126199_zpid
2091126200,33.792552,-84.408094,,https://www.zillow.com/homes/for_rent/2091126200_zpid
2091367489,33.792603,-84.408015,,https://www.zillow.com/homes/for_rent/2091367489_zpid
2091589083,33.792603,-84.408015,,https://www.zillow.com/homes/for_rent/2091589083_zpid
2091971275,33.792603,-84.408015,,https://www.zillow.com/homes/for_rent/2091971275_zpid
2092056607,33.792552,-84.408094,,https://www.zillow.com/homes/for_rent/2092056607_zpid
2092217944,33.792552,-84.408094,,https://www.zillow.com/homes/for_rent/2092217944_zpid
2092558902,33.792603,-84.408015,,https://www.zillow.com/homes/for_rent/2092558902_zpid
2092558903,33.792552,-84.408094,,https://www.zillow.com/homes/for_rent/2092558903_zpid
2092733871,33.792552,-84.408094,,https://www.zillow.com/homes/for_rent/2092733871_zpid
2092795602,33.792552,-84.408094,,https://www.zillow.com/homes/for_rent/2092795602_zpid
2092858798,33.792552,-84.408094,,https://www.zillow.com/homes/for_rent/2092858798_zpid
2092870808,33.792552,-84.408094,,https://www.zillow.com/homes/for_rent/2092870808_zpid
2092883191,33.792552,-84.408094,,https://www.zillow.com/homes/for_rent/2092883191_zpid
2092928093,33.792552,-84.408094,,https://www.zillow.com/homes/for_rent/2092928093_zpid
2087371236,33.784817,-84.41317,,https://www.zillow.com/homes/for_rent/2087371236_zpid
2087371238,33.784817,-84.41317,,https://www.zillow.com/homes/for_rent/2087371238_zpid
2087367610,33.784817,-84.41317,,https://www.zillow.com/homes/for_rent/2087367610_zpid
2089475216,33.784817,-84.41317,,https://www.zillow.com/homes/for_rent/2089475216_zpid
2087369043,33.784817,-84.41317,,https://www.zillow.com/homes/for_rent/2087369043_zpid
2087369040,33.784817,-84.41317,,https://www.zillow.com/homes/for_rent/2087369040_zpid
2087369041,33.784817,-84.41317,,https://www.zillow.com/homes/for_rent/2087369041_zpid
2088211183,33.784817,-84.41317,,https://www.zillow.com/homes/for_rent/2088211183_zpid
2087118024,33.784817,-84.41317,,https://www.zillow.com/homes/for_rent/2087118024_zpid
2089467516,33.784817,-84.41317,,https://www.zillow.com/homes/for_rent/2089467516_zpid
2089475213,33.784817,-84.41317,,https://www.zillow.com/homes/for_rent/2089475213_zpid
2089467518,33.784817,-84.41317,,https://www.zillow.com/homes/for_rent/2089467518_zpid
2089475214,33.784817,-84.41317,,https://www.zillow.com/homes/for_rent/2089475214_zpid
2089756011,33.784817,-84.41317,,https://www.zillow.com/homes/for_rent/2089756011_zpid
2089475161,33.784817,-84.41317,,https://www.zillow.com/homes/for_rent/2089475161_zpid
2089475133,33.784817,-84.41317,,https://www.zillow.com/homes/for_rent/2089475133_zpid
2089475166,33.784817,-84.41317,,https://www.zillow.com/homes/for_rent/2089475166_zpid
2089475134,33.784817,-84.41317,,https://www.zillow.com/homes/for_rent/2089475134_zpid
2089467513,33.784817,-84.41317,,https://www.zillow.com/homes/for_rent/2089467513_zpid
2089475136,33.784817,-84.41317,,https://www.zillow.com/homes/for_rent/2089475136_zpid
2089475160,33.784817,-84.41317,,https://www.zillow.com/homes/for_rent/2089475160_zpid
2089475137,33.784817,-84.41317,,https://www.zillow.com/homes/for_rent/2089475137_zpid
2089473537,33.784817,-84.41317,,https://www.zillow.com/homes/for_rent/2089473537_zpid
2089475138,33.784817,-84.41317,,https://www.zillow.com/homes/for_rent/2089475138_zpid
2089475171,33.784817,-84.41317,,https://www.zillow.com/homes/for_rent/2089475171_zpid
2087076409,33.813236,-84.424488,,https://www.zillow.com/homes/for_rent/2087076409_zpid
2087076408,33.813236,-84.424488,,https://www.zillow.com/homes/for_rent/2087076408_zpid
2089933479,33.813236,-84.424488,,https://www.zillow.com/homes/for_rent/2089933479_zpid
2093472869,33.81323,-84.424484,,https://www.zillow.com/homes/for_rent/2093472869_zpid
69368851,33.810064,-84.424092,1971,https://www.zillow.com/homes/for_rent/69368851_zpid
69368972,33.810064,-84.424092,1971,https://www.zillow.com/homes/for_rent/69368972_zpid
2087087319,33.788467,-84.417498,,https://www.zillow.com/homes/for_rent/2087087319_zpid
2087087000,33.788467,-84.417498,,https://www.zillow.com/homes/for_rent/2087087000_zpid
2087088407,33.804953,-84.423556,,https://www.zillow.com/homes/for_rent/2087088407_zpid
2087088353,33.804953,-84.423556,,https://www.zillow.com/homes/for_rent/2087088353_zpid
2087088241,33.804953,-84.423556,,https://www.zillow.com/homes/for_rent/2087088241_zpid
2087088167,33.804953,-84.423556,,https://www.zillow.com/homes/for_rent/2087088167_zpid
2087088303,33.804953,-84.423556,,https://www.zillow.com/homes/for_rent/2087088303_zpid
35920212,33.824627,-84.446725,1952,https://www.zillow.com/homes/for_rent/35920212_zpid
2087127919,33.782387,-84.4057,,https://www.zillow.com/homes/for_rent/2087127919_zpid
2096217349,33.802253,-84.443151,1923,https://www.zillow.com/homes/for_rent/2096217349_zpid
2087133751,33.799203,-84.412106,,https://www.zillow.com/homes/for_rent/2087133751_zpid
2087134090,33.799543,-84.412763,,https://www.zillow.com/homes/for_rent/2087134090_zpid
35922935,33.786078,-84.471856,1940,https://www.zillow.com/homes/for_rent/35922935_zpid
2087177068,33.816774,-84.449845,1962,https://www.zillow.com/homes/for_rent/2087177068_zpid
2087314322,33.792635,-84.404116,,https://www.zillow.com/homes/for_rent/2087314322_zpid
2114864166,33.784077,-84.400398,1920,https://www.zillow.com/homes/for_rent/2114864166_zpid
35899652,33.786636,-84.396458,1987,https://www.zillow.com/homes/for_rent/35899652_zpid
35899653,33.786636,-84.396458,1987,https://www.zillow.com/homes/for_rent/35899653_zpid
35899654,33.786636,-84.396458,1987,https://www.zillow.com/homes/for_rent/35899654_zpid
35899655,33.786636,-84.396458,1987,https://www.zillow.com/homes/for_rent/35899655_zpid
35899656,33.786636,-84.396458,1987,https://www.zillow.com/homes/for_rent/35899656_zpid
35899657,33.786636,-84.396458,1987,https://www.zillow.com/homes/for_rent/35899657_zpid
35899658,33.786636,-84.396458,1987,https://www.zillow.com/homes/for_rent/35899658_zpid
35899659,33.786636,-84.396458,1987,https://www.zillow.com/homes/for_rent/35899659_zpid
35899660,33.786636,-84.396458,1987,https://www.zillow.com/homes/for_rent/35899660_zpid
35899661,33.786636,-84.396458,1987,https://www.zillow.com/homes/for_rent/35899661_zpid
35899662,33.786636,-84.396458,1987,https://www.zillow.com/homes/for_rent/35899662_zpid
35899663,33.786555,-84.396498,1987,https://www.zillow.com/homes/for_rent/35899663_zpid
35899664,33.786555,-84.396498,1987,https://www.zillow.com/homes/for_rent/35899664_zpid
35899665,33.786636,-84.396458,1987,https://www.zillow.com/homes/for_rent/35899665_zpid
35899666,33.786636,-84.396458,1987,https://www.zillow.com/homes/for_rent/35899666_zpid
35899667,33.786636,-84.396458,1987,https://www.zillow.com/homes/for_rent/35899667_zpid
35899668,33.786636,-84.396458,1987,https://www.zillow.com/homes/for_rent/35899668_zpid
35899669,33.786636,-84.396458,1987,https://www.zillow.com/homes/for_rent/35899669_zpid
35899670,33.786509,-84.396404,1987,https://www.zillow.com/homes/for_rent/35899670_zpid
35899671,33.786636,-84.396489,1987,https://www.zillow.com/homes/for_rent/35899671_zpid
2088490725,33.785488,-84.411971,2009,https://www.zillow.com/homes/for_rent/2088490725_zpid
2088490919,33.7851,-84.4117,2009,https://www.zillow.com/homes/for_rent/2088490919_zpid
2088300314,33.785488,-84.411971,2009,https://www.zillow.com/homes/for_rent/2088300314_zpid
2087288555,33.777423,-84.450494,,https://www.zillow.com/homes/for_rent/2087288555_zpid
2089551212,33.783658,-84.425342,1927,https://www.zillow.com/homes/for_rent/2089551212_zpid
2087946971,33.810956,-84.427721,1986,https://www.zillow.com/homes/for_rent/2087946971_zpid
2087946967,33.810956,-84.427721,1986,https://www.zillow.com/homes/for_rent/2087946967_zpid
2087870682,33.810956,-84.427721,1986,https://www.zillow.com/homes/for_rent/2087870682_zpid
2093657655,33.810948,-84.427608,1986,https://www.zillow.com/homes/for_rent/2093657655_zpid
2094013772,33.810948,-84.427608,1986,https://www.zillow.com/homes/for_rent/2094013772_zpid
2094415977,33.810948,-84.427608,1986,https://www.zillow.com/homes/for_rent/2094415977_zpid
2096261409,33.810956,-84.427721,1986,https://www.zillow.com/homes/for_rent/2096261409_zpid
2096432659,33.810956,-84.427721,1986,https://www.zillow.com/homes/for_rent/2096432659_zpid
2097393434,33.810956,-84.427721,1986,https://www.zillow.com/homes/for_rent/2097393434_zpid
2098431472,33.810948,-84.427608,1986,https://www.zillow.com/homes/for_rent/2098431472_zpid
2098464468,33.810948,-84.427608,1986,https://www.zillow.com/homes/for_rent/2098464468_zpid
2098638726,33.810956,-84.427721,1986,https://www.zillow.com/homes/for_rent/2098638726_zpid
2098638727,33.810948,-84.427608,1986,https://www.zillow.com/homes/for_rent/2098638727_zpid
2098807731,33.810948,-84.427608,1986,https://www.zillow.com/homes/for_rent/2098807731_zpid
2101329923,33.81096,-84.42772,,https://www.zillow.com/homes/for_rent/2101329923_zpid
2087528330,33.786808,-84.38822,,https://www.zillow.com/homes/for_rent/2087528330_zpid
2087571375,33.782773,-84.405807,1985,https://www.zillow.com/homes/for_rent/2087571375_zpid
2087571365,33.782882,-84.405843,,https://www.zillow.com/homes/for_rent/2087571365_zpid
2087756770,33.785297,-84.40006,,https://www.zillow.com/homes/for_rent/2087756770_zpid
2094748510,33.783575,-84.457344,,https://www.zillow.com/homes/for_rent/2094748510_zpid
2102764298,33.783575,-84.457344,,https://www.zillow.com/homes/for_rent/2102764298_zpid
2089409439,33.814893,-84.426615,1962,https://www.zillow.com/homes/for_rent/2089409439_zpid
2089409440,33.814893,-84.426615,1962,https://www.zillow.com/homes/for_rent/2089409440_zpid
2089409441,33.814893,-84.426615,1962,https://www.zillow.com/homes/for_rent/2089409441_zpid
2089409442,33.814893,-84.426615,1962,https://www.zillow.com/homes/for_rent/2089409442_zpid
2089409443,33.814893,-84.426615,1962,https://www.zillow.com/homes/for_rent/2089409443_zpid
2089409444,33.814893,-84.426615,1962,https://www.zillow.com/homes/for_rent/2089409444_zpid
2119971034,33.766193,-84.410562,1950,https://www.zillow.com/homes/for_rent/2119971034_zpid
2088243425,33.783839,-84.403063,,https://www.zillow.com/homes/for_rent/2088243425_zpid
2090606896,33.77737,-84.450047,1952,https://www.zillow.com/homes/for_rent/2090606896_zpid
2091604983,33.807029,-84.414167,2017,https://www.zillow.com/homes/for_rent/2091604983_zpid
2097632477,33.80436,-84.46788,,https://www.zillow.com/homes/for_rent/2097632477_zpid